atom,x,y,z
C,13.56,0,0
C,13.4857,1.4174,0
C,12.8963,4.1903,0
C,12.3877,5.5153,0
C,10.9703,7.9704,0
C,10.077,9.0734,0
C,7.9704,10.9703,0
C,6.78,11.7433,0
C,4.1903,12.8963,0
C,2.8193,13.2637,0
C,0,13.56,0
C,-1.4174,13.4857,0
C,-4.1903,12.8963,0
C,-5.5153,12.3877,0
C,-7.9704,10.9703,0
C,-9.0734,10.077,0
C,-10.9703,7.9704,0
C,-11.7433,6.78,0
C,-12.8963,4.1903,0
C,-13.2637,2.8193,0
C,-13.56,0,0
C,-13.4857,-1.4174,0
C,-12.8963,-4.1903,0
C,-12.3877,-5.5153,0
C,-10.9703,-7.9704,0
C,-10.077,-9.0734,0
C,-7.9704,-10.9703,0
C,-6.78,-11.7433,0
C,-4.1903,-12.8963,0
C,-2.8193,-13.2637,0
C,0,-13.56,0
C,1.4174,-13.4857,0
C,4.1903,-12.8963,0
C,5.5153,-12.3877,0
C,7.9704,-10.9703,0
C,9.0734,-10.077,0
C,10.9703,-7.9704,0
C,11.7433,-6.78,0
C,12.8963,-4.1903,0
C,13.2637,-2.8193,0
C,13.3931,2.1213,1.2298
C,13.098,3.5096,1.2298
C,12.082,6.1561,1.2298
C,11.3724,7.3853,1.2298
C,9.5884,9.5884,1.2298
C,8.5336,10.5381,1.2298
C,6.1561,12.082,1.2298
C,4.8595,12.6594,1.2298
C,2.1213,13.3931,1.2298
C,0.7097,13.5414,1.2298
C,-2.1213,13.3931,1.2298
C,-3.5096,13.098,1.2298
C,-6.1561,12.082,1.2298
C,-7.3853,11.3724,1.2298
C,-9.5884,9.5884,1.2298
C,-10.5381,8.5336,1.2298
C,-12.082,6.1561,1.2298
C,-12.6594,4.8595,1.2298
C,-13.3931,2.1213,1.2298
C,-13.5414,0.7097,1.2298
C,-13.3931,-2.1213,1.2298
C,-13.098,-3.5096,1.2298
C,-12.082,-6.1561,1.2298
C,-11.3724,-7.3853,1.2298
C,-9.5884,-9.5884,1.2298
C,-8.5336,-10.5381,1.2298
C,-6.1561,-12.082,1.2298
C,-4.8595,-12.6594,1.2298
C,-2.1213,-13.3931,1.2298
C,-0.7097,-13.5414,1.2298
C,2.1213,-13.3931,1.2298
C,3.5096,-13.098,1.2298
C,6.1561,-12.082,1.2298
C,7.3853,-11.3724,1.2298
C,9.5884,-9.5884,1.2298
C,10.5381,-8.5336,1.2298
C,12.082,-6.1561,1.2298
C,12.6594,-4.8595,1.2298
C,13.3931,-2.1213,1.2298
C,13.5414,-0.7097,1.2298
C,12.8963,4.1903,2.4595
C,12.3877,5.5153,2.4595
C,10.9703,7.9704,2.4595
C,10.077,9.0734,2.4595
C,7.9704,10.9703,2.4595
C,6.78,11.7433,2.4595
C,4.1903,12.8963,2.4595
C,2.8193,13.2637,2.4595
C,0,13.56,2.4595
C,-1.4174,13.4857,2.4595
C,-4.1903,12.8963,2.4595
C,-5.5153,12.3877,2.4595
C,-7.9704,10.9703,2.4595
C,-9.0734,10.077,2.4595
C,-10.9703,7.9704,2.4595
C,-11.7433,6.78,2.4595
C,-12.8963,4.1903,2.4595
C,-13.2637,2.8193,2.4595
C,-13.56,0,2.4595
C,-13.4857,-1.4174,2.4595
C,-12.8963,-4.1903,2.4595
C,-12.3877,-5.5153,2.4595
C,-10.9703,-7.9704,2.4595
C,-10.077,-9.0734,2.4595
C,-7.9704,-10.9703,2.4595
C,-6.78,-11.7433,2.4595
C,-4.1903,-12.8963,2.4595
C,-2.8193,-13.2637,2.4595
C,0,-13.56,2.4595
C,1.4174,-13.4857,2.4595
C,4.1903,-12.8963,2.4595
C,5.5153,-12.3877,2.4595
C,7.9704,-10.9703,2.4595
C,9.0734,-10.077,2.4595
C,10.9703,-7.9704,2.4595
C,11.7433,-6.78,2.4595
C,12.8963,-4.1903,2.4595
C,13.2637,-2.8193,2.4595
C,13.56,0,2.4595
C,13.4857,1.4174,2.4595
C,12.082,6.1561,3.6893
C,11.3724,7.3853,3.6893
C,9.5884,9.5884,3.6893
C,8.5336,10.5381,3.6893
C,6.1561,12.082,3.6893
C,4.8595,12.6594,3.6893
C,2.1213,13.3931,3.6893
C,0.7097,13.5414,3.6893
C,-2.1213,13.3931,3.6893
C,-3.5096,13.098,3.6893
C,-6.1561,12.082,3.6893
C,-7.3853,11.3724,3.6893
C,-9.5884,9.5884,3.6893
C,-10.5381,8.5336,3.6893
C,-12.082,6.1561,3.6893
C,-12.6594,4.8595,3.6893
C,-13.3931,2.1213,3.6893
C,-13.5414,0.7097,3.6893
C,-13.3931,-2.1213,3.6893
C,-13.098,-3.5096,3.6893
C,-12.082,-6.1561,3.6893
C,-11.3724,-7.3853,3.6893
C,-9.5884,-9.5884,3.6893
C,-8.5336,-10.5381,3.6893
C,-6.1561,-12.082,3.6893
C,-4.8595,-12.6594,3.6893
C,-2.1213,-13.3931,3.6893
C,-0.7097,-13.5414,3.6893
C,2.1213,-13.3931,3.6893
C,3.5096,-13.098,3.6893
C,6.1561,-12.082,3.6893
C,7.3853,-11.3724,3.6893
C,9.5884,-9.5884,3.6893
C,10.5381,-8.5336,3.6893
C,12.082,-6.1561,3.6893
C,12.6594,-4.8595,3.6893
C,13.3931,-2.1213,3.6893
C,13.5414,-0.7097,3.6893
C,13.3931,2.1213,3.6893
C,13.098,3.5096,3.6893
C,10.9703,7.9704,4.919
C,10.077,9.0734,4.919
C,7.9704,10.9703,4.919
C,6.78,11.7433,4.919
C,4.1903,12.8963,4.919
C,2.8193,13.2637,4.919
C,0,13.56,4.919
C,-1.4174,13.4857,4.919
C,-4.1903,12.8963,4.919
C,-5.5153,12.3877,4.919
C,-7.9704,10.9703,4.919
C,-9.0734,10.077,4.919
C,-10.9703,7.9704,4.919
C,-11.7433,6.78,4.919
C,-12.8963,4.1903,4.919
C,-13.2637,2.8193,4.919
C,-13.56,0,4.919
C,-13.4857,-1.4174,4.919
C,-12.8963,-4.1903,4.919
C,-12.3877,-5.5153,4.919
C,-10.9703,-7.9704,4.919
C,-10.077,-9.0734,4.919
C,-7.9704,-10.9703,4.919
C,-6.78,-11.7433,4.919
C,-4.1903,-12.8963,4.919
C,-2.8193,-13.2637,4.919
C,0,-13.56,4.919
C,1.4174,-13.4857,4.919
C,4.1903,-12.8963,4.919
C,5.5153,-12.3877,4.919
C,7.9704,-10.9703,4.919
C,9.0734,-10.077,4.919
C,10.9703,-7.9704,4.919
C,11.7433,-6.78,4.919
C,12.8963,-4.1903,4.919
C,13.2637,-2.8193,4.919
C,13.56,0,4.919
C,13.4857,1.4174,4.919
C,12.8963,4.1903,4.919
C,12.3877,5.5153,4.919
C,9.5884,9.5884,6.1488
C,8.5336,10.5381,6.1488
C,6.1561,12.082,6.1488
C,4.8595,12.6594,6.1488
C,2.1213,13.3931,6.1488
C,0.7097,13.5414,6.1488
C,-2.1213,13.3931,6.1488
C,-3.5096,13.098,6.1488
C,-6.1561,12.082,6.1488
C,-7.3853,11.3724,6.1488
C,-9.5884,9.5884,6.1488
C,-10.5381,8.5336,6.1488
C,-12.082,6.1561,6.1488
C,-12.6594,4.8595,6.1488
C,-13.3931,2.1213,6.1488
C,-13.5414,0.7097,6.1488
C,-13.3931,-2.1213,6.1488
C,-13.098,-3.5096,6.1488
C,-12.082,-6.1561,6.1488
C,-11.3724,-7.3853,6.1488
C,-9.5884,-9.5884,6.1488
C,-8.5336,-10.5381,6.1488
C,-6.1561,-12.082,6.1488
C,-4.8595,-12.6594,6.1488
C,-2.1213,-13.3931,6.1488
C,-0.7097,-13.5414,6.1488
C,2.1213,-13.3931,6.1488
C,3.5096,-13.098,6.1488
C,6.1561,-12.082,6.1488
C,7.3853,-11.3724,6.1488
C,9.5884,-9.5884,6.1488
C,10.5381,-8.5336,6.1488
C,12.082,-6.1561,6.1488
C,12.6594,-4.8595,6.1488
C,13.3931,-2.1213,6.1488
C,13.5414,-0.7097,6.1488
C,13.3931,2.1213,6.1488
C,13.098,3.5096,6.1488
C,12.082,6.1561,6.1488
C,11.3724,7.3853,6.1488
C,7.9704,10.9703,7.3785
C,6.78,11.7433,7.3785
C,4.1903,12.8963,7.3785
C,2.8193,13.2637,7.3785
C,0,13.56,7.3785
C,-1.4174,13.4857,7.3785
C,-4.1903,12.8963,7.3785
C,-5.5153,12.3877,7.3785
C,-7.9704,10.9703,7.3785
C,-9.0734,10.077,7.3785
C,-10.9703,7.9704,7.3785
C,-11.7433,6.78,7.3785
C,-12.8963,4.1903,7.3785
C,-13.2637,2.8193,7.3785
C,-13.56,0,7.3785
C,-13.4857,-1.4174,7.3785
C,-12.8963,-4.1903,7.3785
C,-12.3877,-5.5153,7.3785
C,-10.9703,-7.9704,7.3785
C,-10.077,-9.0734,7.3785
C,-7.9704,-10.9703,7.3785
C,-6.78,-11.7433,7.3785
C,-4.1903,-12.8963,7.3785
C,-2.8193,-13.2637,7.3785
C,0,-13.56,7.3785
C,1.4174,-13.4857,7.3785
C,4.1903,-12.8963,7.3785
C,5.5153,-12.3877,7.3785
C,7.9704,-10.9703,7.3785
C,9.0734,-10.077,7.3785
C,10.9703,-7.9704,7.3785
C,11.7433,-6.78,7.3785
C,12.8963,-4.1903,7.3785
C,13.2637,-2.8193,7.3785
C,13.56,0,7.3785
C,13.4857,1.4174,7.3785
C,12.8963,4.1903,7.3785
C,12.3877,5.5153,7.3785
C,10.9703,7.9704,7.3785
C,10.077,9.0734,7.3785
C,6.1561,12.082,8.6083
C,4.8595,12.6594,8.6083
C,2.1213,13.3931,8.6083
C,0.7097,13.5414,8.6083
C,-2.1213,13.3931,8.6083
C,-3.5096,13.098,8.6083
C,-6.1561,12.082,8.6083
C,-7.3853,11.3724,8.6083
C,-9.5884,9.5884,8.6083
C,-10.5381,8.5336,8.6083
C,-12.082,6.1561,8.6083
C,-12.6594,4.8595,8.6083
C,-13.3931,2.1213,8.6083
C,-13.5414,0.7097,8.6083
C,-13.3931,-2.1213,8.6083
C,-13.098,-3.5096,8.6083
C,-12.082,-6.1561,8.6083
C,-11.3724,-7.3853,8.6083
C,-9.5884,-9.5884,8.6083
C,-8.5336,-10.5381,8.6083
C,-6.1561,-12.082,8.6083
C,-4.8595,-12.6594,8.6083
C,-2.1213,-13.3931,8.6083
C,-0.7097,-13.5414,8.6083
C,2.1213,-13.3931,8.6083
C,3.5096,-13.098,8.6083
C,6.1561,-12.082,8.6083
C,7.3853,-11.3724,8.6083
C,9.5884,-9.5884,8.6083
C,10.5381,-8.5336,8.6083
C,12.082,-6.1561,8.6083
C,12.6594,-4.8595,8.6083
C,13.3931,-2.1213,8.6083
C,13.5414,-0.7097,8.6083
C,13.3931,2.1213,8.6083
C,13.098,3.5096,8.6083
C,12.082,6.1561,8.6083
C,11.3724,7.3853,8.6083
C,9.5884,9.5884,8.6083
C,8.5336,10.5381,8.6083
C,4.1903,12.8963,9.838
C,2.8193,13.2637,9.838
C,0,13.56,9.838
C,-1.4174,13.4857,9.838
C,-4.1903,12.8963,9.838
C,-5.5153,12.3877,9.838
C,-7.9704,10.9703,9.838
C,-9.0734,10.077,9.838
C,-10.9703,7.9704,9.838
C,-11.7433,6.78,9.838
C,-12.8963,4.1903,9.838
C,-13.2637,2.8193,9.838
C,-13.56,0,9.838
C,-13.4857,-1.4174,9.838
C,-12.8963,-4.1903,9.838
C,-12.3877,-5.5153,9.838
C,-10.9703,-7.9704,9.838
C,-10.077,-9.0734,9.838
C,-7.9704,-10.9703,9.838
C,-6.78,-11.7433,9.838
C,-4.1903,-12.8963,9.838
C,-2.8193,-13.2637,9.838
C,0,-13.56,9.838
C,1.4174,-13.4857,9.838
C,4.1903,-12.8963,9.838
C,5.5153,-12.3877,9.838
C,7.9704,-10.9703,9.838
C,9.0734,-10.077,9.838
C,10.9703,-7.9704,9.838
C,11.7433,-6.78,9.838
C,12.8963,-4.1903,9.838
C,13.2637,-2.8193,9.838
C,13.56,0,9.838
C,13.4857,1.4174,9.838
C,12.8963,4.1903,9.838
C,12.3877,5.5153,9.838
C,10.9703,7.9704,9.838
C,10.077,9.0734,9.838
C,7.9704,10.9703,9.838
C,6.78,11.7433,9.838
C,2.1213,13.3931,11.0678
C,0.7097,13.5414,11.0678
C,-2.1213,13.3931,11.0678
C,-3.5096,13.098,11.0678
C,-6.1561,12.082,11.0678
C,-7.3853,11.3724,11.0678
C,-9.5884,9.5884,11.0678
C,-10.5381,8.5336,11.0678
C,-12.082,6.1561,11.0678
C,-12.6594,4.8595,11.0678
C,-13.3931,2.1213,11.0678
C,-13.5414,0.7097,11.0678
C,-13.3931,-2.1213,11.0678
C,-13.098,-3.5096,11.0678
C,-12.082,-6.1561,11.0678
C,-11.3724,-7.3853,11.0678
C,-9.5884,-9.5884,11.0678
C,-8.5336,-10.5381,11.0678
C,-6.1561,-12.082,11.0678
C,-4.8595,-12.6594,11.0678
C,-2.1213,-13.3931,11.0678
C,-0.7097,-13.5414,11.0678
C,2.1213,-13.3931,11.0678
C,3.5096,-13.098,11.0678
C,6.1561,-12.082,11.0678
C,7.3853,-11.3724,11.0678
C,9.5884,-9.5884,11.0678
C,10.5381,-8.5336,11.0678
C,12.082,-6.1561,11.0678
C,12.6594,-4.8595,11.0678
C,13.3931,-2.1213,11.0678
C,13.5414,-0.7097,11.0678
C,13.3931,2.1213,11.0678
C,13.098,3.5096,11.0678
C,12.082,6.1561,11.0678
C,11.3724,7.3853,11.0678
C,9.5884,9.5884,11.0678
C,8.5336,10.5381,11.0678
C,6.1561,12.082,11.0678
C,4.8595,12.6594,11.0678
C,0,13.56,12.2976
C,-1.4174,13.4857,12.2976
C,-4.1903,12.8963,12.2976
C,-5.5153,12.3877,12.2976
C,-7.9704,10.9703,12.2976
C,-9.0734,10.077,12.2976
C,-10.9703,7.9704,12.2976
C,-11.7433,6.78,12.2976
C,-12.8963,4.1903,12.2976
C,-13.2637,2.8193,12.2976
C,-13.56,0,12.2976
C,-13.4857,-1.4174,12.2976
C,-12.8963,-4.1903,12.2976
C,-12.3877,-5.5153,12.2976
C,-10.9703,-7.9704,12.2976
C,-10.077,-9.0734,12.2976
C,-7.9704,-10.9703,12.2976
C,-6.78,-11.7433,12.2976
C,-4.1903,-12.8963,12.2976
C,-2.8193,-13.2637,12.2976
C,0,-13.56,12.2976
C,1.4174,-13.4857,12.2976
C,4.1903,-12.8963,12.2976
C,5.5153,-12.3877,12.2976
C,7.9704,-10.9703,12.2976
C,9.0734,-10.077,12.2976
C,10.9703,-7.9704,12.2976
C,11.7433,-6.78,12.2976
C,12.8963,-4.1903,12.2976
C,13.2637,-2.8193,12.2976
C,13.56,0,12.2976
C,13.4857,1.4174,12.2976
C,12.8963,4.1903,12.2976
C,12.3877,5.5153,12.2976
C,10.9703,7.9704,12.2976
C,10.077,9.0734,12.2976
C,7.9704,10.9703,12.2976
C,6.78,11.7433,12.2976
C,4.1903,12.8963,12.2976
C,2.8193,13.2637,12.2976
C,-2.1213,13.3931,13.5273
C,-3.5096,13.098,13.5273
C,-6.1561,12.082,13.5273
C,-7.3853,11.3724,13.5273
C,-9.5884,9.5884,13.5273
C,-10.5381,8.5336,13.5273
C,-12.082,6.1561,13.5273
C,-12.6594,4.8595,13.5273
C,-13.3931,2.1213,13.5273
C,-13.5414,0.7097,13.5273
C,-13.3931,-2.1213,13.5273
C,-13.098,-3.5096,13.5273
C,-12.082,-6.1561,13.5273
C,-11.3724,-7.3853,13.5273
C,-9.5884,-9.5884,13.5273
C,-8.5336,-10.5381,13.5273
C,-6.1561,-12.082,13.5273
C,-4.8595,-12.6594,13.5273
C,-2.1213,-13.3931,13.5273
C,-0.7097,-13.5414,13.5273
C,2.1213,-13.3931,13.5273
C,3.5096,-13.098,13.5273
C,6.1561,-12.082,13.5273
C,7.3853,-11.3724,13.5273
C,9.5884,-9.5884,13.5273
C,10.5381,-8.5336,13.5273
C,12.082,-6.1561,13.5273
C,12.6594,-4.8595,13.5273
C,13.3931,-2.1213,13.5273
C,13.5414,-0.7097,13.5273
C,13.3931,2.1213,13.5273
C,13.098,3.5096,13.5273
C,12.082,6.1561,13.5273
C,11.3724,7.3853,13.5273
C,9.5884,9.5884,13.5273
C,8.5336,10.5381,13.5273
C,6.1561,12.082,13.5273
C,4.8595,12.6594,13.5273
C,2.1213,13.3931,13.5273
C,0.7097,13.5414,13.5273
C,-4.1903,12.8963,14.7571
C,-5.5153,12.3877,14.7571
C,-7.9704,10.9703,14.7571
C,-9.0734,10.077,14.7571
C,-10.9703,7.9704,14.7571
C,-11.7433,6.78,14.7571
C,-12.8963,4.1903,14.7571
C,-13.2637,2.8193,14.7571
C,-13.56,0,14.7571
C,-13.4857,-1.4174,14.7571
C,-12.8963,-4.1903,14.7571
C,-12.3877,-5.5153,14.7571
C,-10.9703,-7.9704,14.7571
C,-10.077,-9.0734,14.7571
C,-7.9704,-10.9703,14.7571
C,-6.78,-11.7433,14.7571
C,-4.1903,-12.8963,14.7571
C,-2.8193,-13.2637,14.7571
C,0,-13.56,14.7571
C,1.4174,-13.4857,14.7571
C,4.1903,-12.8963,14.7571
C,5.5153,-12.3877,14.7571
C,7.9704,-10.9703,14.7571
C,9.0734,-10.077,14.7571
C,10.9703,-7.9704,14.7571
C,11.7433,-6.78,14.7571
C,12.8963,-4.1903,14.7571
C,13.2637,-2.8193,14.7571
C,13.56,0,14.7571
C,13.4857,1.4174,14.7571
C,12.8963,4.1903,14.7571
C,12.3877,5.5153,14.7571
C,10.9703,7.9704,14.7571
C,10.077,9.0734,14.7571
C,7.9704,10.9703,14.7571
C,6.78,11.7433,14.7571
C,4.1903,12.8963,14.7571
C,2.8193,13.2637,14.7571
C,0,13.56,14.7571
C,-1.4174,13.4857,14.7571
C,-6.1561,12.082,15.9868
C,-7.3853,11.3724,15.9868
C,-9.5884,9.5884,15.9868
C,-10.5381,8.5336,15.9868
C,-12.082,6.1561,15.9868
C,-12.6594,4.8595,15.9868
C,-13.3931,2.1213,15.9868
C,-13.5414,0.7097,15.9868
C,-13.3931,-2.1213,15.9868
C,-13.098,-3.5096,15.9868
C,-12.082,-6.1561,15.9868
C,-11.3724,-7.3853,15.9868
C,-9.5884,-9.5884,15.9868
C,-8.5336,-10.5381,15.9868
C,-6.1561,-12.082,15.9868
C,-4.8595,-12.6594,15.9868
C,-2.1213,-13.3931,15.9868
C,-0.7097,-13.5414,15.9868
C,2.1213,-13.3931,15.9868
C,3.5096,-13.098,15.9868
C,6.1561,-12.082,15.9868
C,7.3853,-11.3724,15.9868
C,9.5884,-9.5884,15.9868
C,10.5381,-8.5336,15.9868
C,12.082,-6.1561,15.9868
C,12.6594,-4.8595,15.9868
C,13.3931,-2.1213,15.9868
C,13.5414,-0.7097,15.9868
C,13.3931,2.1213,15.9868
C,13.098,3.5096,15.9868
C,12.082,6.1561,15.9868
C,11.3724,7.3853,15.9868
C,9.5884,9.5884,15.9868
C,8.5336,10.5381,15.9868
C,6.1561,12.082,15.9868
C,4.8595,12.6594,15.9868
C,2.1213,13.3931,15.9868
C,0.7097,13.5414,15.9868
C,-2.1213,13.3931,15.9868
C,-3.5096,13.098,15.9868
C,-7.9704,10.9703,17.2166
C,-9.0734,10.077,17.2166
C,-10.9703,7.9704,17.2166
C,-11.7433,6.78,17.2166
C,-12.8963,4.1903,17.2166
C,-13.2637,2.8193,17.2166
C,-13.56,0,17.2166
C,-13.4857,-1.4174,17.2166
C,-12.8963,-4.1903,17.2166
C,-12.3877,-5.5153,17.2166
C,-10.9703,-7.9704,17.2166
C,-10.077,-9.0734,17.2166
C,-7.9704,-10.9703,17.2166
C,-6.78,-11.7433,17.2166
C,-4.1903,-12.8963,17.2166
C,-2.8193,-13.2637,17.2166
C,0,-13.56,17.2166
C,1.4174,-13.4857,17.2166
C,4.1903,-12.8963,17.2166
C,5.5153,-12.3877,17.2166
C,7.9704,-10.9703,17.2166
C,9.0734,-10.077,17.2166
C,10.9703,-7.9704,17.2166
C,11.7433,-6.78,17.2166
C,12.8963,-4.1903,17.2166
C,13.2637,-2.8193,17.2166
C,13.56,0,17.2166
C,13.4857,1.4174,17.2166
C,12.8963,4.1903,17.2166
C,12.3877,5.5153,17.2166
C,10.9703,7.9704,17.2166
C,10.077,9.0734,17.2166
C,7.9704,10.9703,17.2166
C,6.78,11.7433,17.2166
C,4.1903,12.8963,17.2166
C,2.8193,13.2637,17.2166
C,0,13.56,17.2166
C,-1.4174,13.4857,17.2166
C,-4.1903,12.8963,17.2166
C,-5.5153,12.3877,17.2166
C,-9.5884,9.5884,18.4463
C,-10.5381,8.5336,18.4463
C,-12.082,6.1561,18.4463
C,-12.6594,4.8595,18.4463
C,-13.3931,2.1213,18.4463
C,-13.5414,0.7097,18.4463
C,-13.3931,-2.1213,18.4463
C,-13.098,-3.5096,18.4463
C,-12.082,-6.1561,18.4463
C,-11.3724,-7.3853,18.4463
C,-9.5884,-9.5884,18.4463
C,-8.5336,-10.5381,18.4463
C,-6.1561,-12.082,18.4463
C,-4.8595,-12.6594,18.4463
C,-2.1213,-13.3931,18.4463
C,-0.7097,-13.5414,18.4463
C,2.1213,-13.3931,18.4463
C,3.5096,-13.098,18.4463
C,6.1561,-12.082,18.4463
C,7.3853,-11.3724,18.4463
C,9.5884,-9.5884,18.4463
C,10.5381,-8.5336,18.4463
C,12.082,-6.1561,18.4463
C,12.6594,-4.8595,18.4463
C,13.3931,-2.1213,18.4463
C,13.5414,-0.7097,18.4463
C,13.3931,2.1213,18.4463
C,13.098,3.5096,18.4463
C,12.082,6.1561,18.4463
C,11.3724,7.3853,18.4463
C,9.5884,9.5884,18.4463
C,8.5336,10.5381,18.4463
C,6.1561,12.082,18.4463
C,4.8595,12.6594,18.4463
C,2.1213,13.3931,18.4463
C,0.7097,13.5414,18.4463
C,-2.1213,13.3931,18.4463
C,-3.5096,13.098,18.4463
C,-6.1561,12.082,18.4463
C,-7.3853,11.3724,18.4463
C,-10.9703,7.9704,19.6761
C,-11.7433,6.78,19.6761
C,-12.8963,4.1903,19.6761
C,-13.2637,2.8193,19.6761
C,-13.56,0,19.6761
C,-13.4857,-1.4174,19.6761
C,-12.8963,-4.1903,19.6761
C,-12.3877,-5.5153,19.6761
C,-10.9703,-7.9704,19.6761
C,-10.077,-9.0734,19.6761
C,-7.9704,-10.9703,19.6761
C,-6.78,-11.7433,19.6761
C,-4.1903,-12.8963,19.6761
C,-2.8193,-13.2637,19.6761
C,0,-13.56,19.6761
C,1.4174,-13.4857,19.6761
C,4.1903,-12.8963,19.6761
C,5.5153,-12.3877,19.6761
C,7.9704,-10.9703,19.6761
C,9.0734,-10.077,19.6761
C,10.9703,-7.9704,19.6761
C,11.7433,-6.78,19.6761
C,12.8963,-4.1903,19.6761
C,13.2637,-2.8193,19.6761
C,13.56,0,19.6761
C,13.4857,1.4174,19.6761
C,12.8963,4.1903,19.6761
C,12.3877,5.5153,19.6761
C,10.9703,7.9704,19.6761
C,10.077,9.0734,19.6761
C,7.9704,10.9703,19.6761
C,6.78,11.7433,19.6761
C,4.1903,12.8963,19.6761
C,2.8193,13.2637,19.6761
C,0,13.56,19.6761
C,-1.4174,13.4857,19.6761
C,-4.1903,12.8963,19.6761
C,-5.5153,12.3877,19.6761
C,-7.9704,10.9703,19.6761
C,-9.0734,10.077,19.6761
C,-12.082,6.1561,20.9059
C,-12.6594,4.8595,20.9059
C,-13.3931,2.1213,20.9059
C,-13.5414,0.7097,20.9059
C,-13.3931,-2.1213,20.9059
C,-13.098,-3.5096,20.9059
C,-12.082,-6.1561,20.9059
C,-11.3724,-7.3853,20.9059
C,-9.5884,-9.5884,20.9059
C,-8.5336,-10.5381,20.9059
C,-6.1561,-12.082,20.9059
C,-4.8595,-12.6594,20.9059
C,-2.1213,-13.3931,20.9059
C,-0.7097,-13.5414,20.9059
C,2.1213,-13.3931,20.9059
C,3.5096,-13.098,20.9059
C,6.1561,-12.082,20.9059
C,7.3853,-11.3724,20.9059
C,9.5884,-9.5884,20.9059
C,10.5381,-8.5336,20.9059
C,12.082,-6.1561,20.9059
C,12.6594,-4.8595,20.9059
C,13.3931,-2.1213,20.9059
C,13.5414,-0.7097,20.9059
C,13.3931,2.1213,20.9059
C,13.098,3.5096,20.9059
C,12.082,6.1561,20.9059
C,11.3724,7.3853,20.9059
C,9.5884,9.5884,20.9059
C,8.5336,10.5381,20.9059
C,6.1561,12.082,20.9059
C,4.8595,12.6594,20.9059
C,2.1213,13.3931,20.9059
C,0.7097,13.5414,20.9059
C,-2.1213,13.3931,20.9059
C,-3.5096,13.098,20.9059
C,-6.1561,12.082,20.9059
C,-7.3853,11.3724,20.9059
C,-9.5884,9.5884,20.9059
C,-10.5381,8.5336,20.9059
C,-12.8963,4.1903,22.1356
C,-13.2637,2.8193,22.1356
C,-13.56,0,22.1356
C,-13.4857,-1.4174,22.1356
C,-12.8963,-4.1903,22.1356
C,-12.3877,-5.5153,22.1356
C,-10.9703,-7.9704,22.1356
C,-10.077,-9.0734,22.1356
C,-7.9704,-10.9703,22.1356
C,-6.78,-11.7433,22.1356
C,-4.1903,-12.8963,22.1356
C,-2.8193,-13.2637,22.1356
C,0,-13.56,22.1356
C,1.4174,-13.4857,22.1356
C,4.1903,-12.8963,22.1356
C,5.5153,-12.3877,22.1356
C,7.9704,-10.9703,22.1356
C,9.0734,-10.077,22.1356
C,10.9703,-7.9704,22.1356
C,11.7433,-6.78,22.1356
C,12.8963,-4.1903,22.1356
C,13.2637,-2.8193,22.1356
C,13.56,0,22.1356
C,13.4857,1.4174,22.1356
C,12.8963,4.1903,22.1356
C,12.3877,5.5153,22.1356
C,10.9703,7.9704,22.1356
C,10.077,9.0734,22.1356
C,7.9704,10.9703,22.1356
C,6.78,11.7433,22.1356
C,4.1903,12.8963,22.1356
C,2.8193,13.2637,22.1356
C,0,13.56,22.1356
C,-1.4174,13.4857,22.1356
C,-4.1903,12.8963,22.1356
C,-5.5153,12.3877,22.1356
C,-7.9704,10.9703,22.1356
C,-9.0734,10.077,22.1356
C,-10.9703,7.9704,22.1356
C,-11.7433,6.78,22.1356
C,-13.3931,2.1213,23.3654
C,-13.5414,0.7097,23.3654
C,-13.3931,-2.1213,23.3654
C,-13.098,-3.5096,23.3654
C,-12.082,-6.1561,23.3654
C,-11.3724,-7.3853,23.3654
C,-9.5884,-9.5884,23.3654
C,-8.5336,-10.5381,23.3654
C,-6.1561,-12.082,23.3654
C,-4.8595,-12.6594,23.3654
C,-2.1213,-13.3931,23.3654
C,-0.7097,-13.5414,23.3654
C,2.1213,-13.3931,23.3654
C,3.5096,-13.098,23.3654
C,6.1561,-12.082,23.3654
C,7.3853,-11.3724,23.3654
C,9.5884,-9.5884,23.3654
C,10.5381,-8.5336,23.3654
C,12.082,-6.1561,23.3654
C,12.6594,-4.8595,23.3654
C,13.3931,-2.1213,23.3654
C,13.5414,-0.7097,23.3654
C,13.3931,2.1213,23.3654
C,13.098,3.5096,23.3654
C,12.082,6.1561,23.3654
C,11.3724,7.3853,23.3654
C,9.5884,9.5884,23.3654
C,8.5336,10.5381,23.3654
C,6.1561,12.082,23.3654
C,4.8595,12.6594,23.3654
C,2.1213,13.3931,23.3654
C,0.7097,13.5414,23.3654
C,-2.1213,13.3931,23.3654
C,-3.5096,13.098,23.3654
C,-6.1561,12.082,23.3654
C,-7.3853,11.3724,23.3654
C,-9.5884,9.5884,23.3654
C,-10.5381,8.5336,23.3654
C,-12.082,6.1561,23.3654
C,-12.6594,4.8595,23.3654
C,-13.56,0,24.5951
C,-13.4857,-1.4174,24.5951
C,-12.8963,-4.1903,24.5951
C,-12.3877,-5.5153,24.5951
C,-10.9703,-7.9704,24.5951
C,-10.077,-9.0734,24.5951
C,-7.9704,-10.9703,24.5951
C,-6.78,-11.7433,24.5951
C,-4.1903,-12.8963,24.5951
C,-2.8193,-13.2637,24.5951
C,0,-13.56,24.5951
C,1.4174,-13.4857,24.5951
C,4.1903,-12.8963,24.5951
C,5.5153,-12.3877,24.5951
C,7.9704,-10.9703,24.5951
C,9.0734,-10.077,24.5951
C,10.9703,-7.9704,24.5951
C,11.7433,-6.78,24.5951
C,12.8963,-4.1903,24.5951
C,13.2637,-2.8193,24.5951
C,13.56,0,24.5951
C,13.4857,1.4174,24.5951
C,12.8963,4.1903,24.5951
C,12.3877,5.5153,24.5951
C,10.9703,7.9704,24.5951
C,10.077,9.0734,24.5951
C,7.9704,10.9703,24.5951
C,6.78,11.7433,24.5951
C,4.1903,12.8963,24.5951
C,2.8193,13.2637,24.5951
C,0,13.56,24.5951
C,-1.4174,13.4857,24.5951
C,-4.1903,12.8963,24.5951
C,-5.5153,12.3877,24.5951
C,-7.9704,10.9703,24.5951
C,-9.0734,10.077,24.5951
C,-10.9703,7.9704,24.5951
C,-11.7433,6.78,24.5951
C,-12.8963,4.1903,24.5951
C,-13.2637,2.8193,24.5951
C,-13.3931,-2.1213,25.8249
C,-13.098,-3.5096,25.8249
C,-12.082,-6.1561,25.8249
C,-11.3724,-7.3853,25.8249
C,-9.5884,-9.5884,25.8249
C,-8.5336,-10.5381,25.8249
C,-6.1561,-12.082,25.8249
C,-4.8595,-12.6594,25.8249
C,-2.1213,-13.3931,25.8249
C,-0.7097,-13.5414,25.8249
C,2.1213,-13.3931,25.8249
C,3.5096,-13.098,25.8249
C,6.1561,-12.082,25.8249
C,7.3853,-11.3724,25.8249
C,9.5884,-9.5884,25.8249
C,10.5381,-8.5336,25.8249
C,12.082,-6.1561,25.8249
C,12.6594,-4.8595,25.8249
C,13.3931,-2.1213,25.8249
C,13.5414,-0.7097,25.8249
C,13.3931,2.1213,25.8249
C,13.098,3.5096,25.8249
C,12.082,6.1561,25.8249
C,11.3724,7.3853,25.8249
C,9.5884,9.5884,25.8249
C,8.5336,10.5381,25.8249
C,6.1561,12.082,25.8249
C,4.8595,12.6594,25.8249
C,2.1213,13.3931,25.8249
C,0.7097,13.5414,25.8249
C,-2.1213,13.3931,25.8249
C,-3.5096,13.098,25.8249
C,-6.1561,12.082,25.8249
C,-7.3853,11.3724,25.8249
C,-9.5884,9.5884,25.8249
C,-10.5381,8.5336,25.8249
C,-12.082,6.1561,25.8249
C,-12.6594,4.8595,25.8249
C,-13.3931,2.1213,25.8249
C,-13.5414,0.7097,25.8249
C,-12.8963,-4.1903,27.0546
C,-12.3877,-5.5153,27.0546
C,-10.9703,-7.9704,27.0546
C,-10.077,-9.0734,27.0546
C,-7.9704,-10.9703,27.0546
C,-6.78,-11.7433,27.0546
C,-4.1903,-12.8963,27.0546
C,-2.8193,-13.2637,27.0546
C,0,-13.56,27.0546
C,1.4174,-13.4857,27.0546
C,4.1903,-12.8963,27.0546
C,5.5153,-12.3877,27.0546
C,7.9704,-10.9703,27.0546
C,9.0734,-10.077,27.0546
C,10.9703,-7.9704,27.0546
C,11.7433,-6.78,27.0546
C,12.8963,-4.1903,27.0546
C,13.2637,-2.8193,27.0546
C,13.56,0,27.0546
C,13.4857,1.4174,27.0546
C,12.8963,4.1903,27.0546
C,12.3877,5.5153,27.0546
C,10.9703,7.9704,27.0546
C,10.077,9.0734,27.0546
C,7.9704,10.9703,27.0546
C,6.78,11.7433,27.0546
C,4.1903,12.8963,27.0546
C,2.8193,13.2637,27.0546
C,0,13.56,27.0546
C,-1.4174,13.4857,27.0546
C,-4.1903,12.8963,27.0546
C,-5.5153,12.3877,27.0546
C,-7.9704,10.9703,27.0546
C,-9.0734,10.077,27.0546
C,-10.9703,7.9704,27.0546
C,-11.7433,6.78,27.0546
C,-12.8963,4.1903,27.0546
C,-13.2637,2.8193,27.0546
C,-13.56,0,27.0546
C,-13.4857,-1.4174,27.0546
C,-12.082,-6.1561,28.2844
C,-11.3724,-7.3853,28.2844
C,-9.5884,-9.5884,28.2844
C,-8.5336,-10.5381,28.2844
C,-6.1561,-12.082,28.2844
C,-4.8595,-12.6594,28.2844
C,-2.1213,-13.3931,28.2844
C,-0.7097,-13.5414,28.2844
C,2.1213,-13.3931,28.2844
C,3.5096,-13.098,28.2844
C,6.1561,-12.082,28.2844
C,7.3853,-11.3724,28.2844
C,9.5884,-9.5884,28.2844
C,10.5381,-8.5336,28.2844
C,12.082,-6.1561,28.2844
C,12.6594,-4.8595,28.2844
C,13.3931,-2.1213,28.2844
C,13.5414,-0.7097,28.2844
C,13.3931,2.1213,28.2844
C,13.098,3.5096,28.2844
C,12.082,6.1561,28.2844
C,11.3724,7.3853,28.2844
C,9.5884,9.5884,28.2844
C,8.5336,10.5381,28.2844
C,6.1561,12.082,28.2844
C,4.8595,12.6594,28.2844
C,2.1213,13.3931,28.2844
C,0.7097,13.5414,28.2844
C,-2.1213,13.3931,28.2844
C,-3.5096,13.098,28.2844
C,-6.1561,12.082,28.2844
C,-7.3853,11.3724,28.2844
C,-9.5884,9.5884,28.2844
C,-10.5381,8.5336,28.2844
C,-12.082,6.1561,28.2844
C,-12.6594,4.8595,28.2844
C,-13.3931,2.1213,28.2844
C,-13.5414,0.7097,28.2844
C,-13.3931,-2.1213,28.2844
C,-13.098,-3.5096,28.2844
C,-10.9703,-7.9704,29.5141
C,-10.077,-9.0734,29.5141
C,-7.9704,-10.9703,29.5141
C,-6.78,-11.7433,29.5141
C,-4.1903,-12.8963,29.5141
C,-2.8193,-13.2637,29.5141
C,0,-13.56,29.5141
C,1.4174,-13.4857,29.5141
C,4.1903,-12.8963,29.5141
C,5.5153,-12.3877,29.5141
C,7.9704,-10.9703,29.5141
C,9.0734,-10.077,29.5141
C,10.9703,-7.9704,29.5141
C,11.7433,-6.78,29.5141
C,12.8963,-4.1903,29.5141
C,13.2637,-2.8193,29.5141
C,13.56,0,29.5141
C,13.4857,1.4174,29.5141
C,12.8963,4.1903,29.5141
C,12.3877,5.5153,29.5141
C,10.9703,7.9704,29.5141
C,10.077,9.0734,29.5141
C,7.9704,10.9703,29.5141
C,6.78,11.7433,29.5141
C,4.1903,12.8963,29.5141
C,2.8193,13.2637,29.5141
C,0,13.56,29.5141
C,-1.4174,13.4857,29.5141
C,-4.1903,12.8963,29.5141
C,-5.5153,12.3877,29.5141
C,-7.9704,10.9703,29.5141
C,-9.0734,10.077,29.5141
C,-10.9703,7.9704,29.5141
C,-11.7433,6.78,29.5141
C,-12.8963,4.1903,29.5141
C,-13.2637,2.8193,29.5141
C,-13.56,0,29.5141
C,-13.4857,-1.4174,29.5141
C,-12.8963,-4.1903,29.5141
C,-12.3877,-5.5153,29.5141
C,-9.5884,-9.5884,30.7439
C,-8.5336,-10.5381,30.7439
C,-6.1561,-12.082,30.7439
C,-4.8595,-12.6594,30.7439
C,-2.1213,-13.3931,30.7439
C,-0.7097,-13.5414,30.7439
C,2.1213,-13.3931,30.7439
C,3.5096,-13.098,30.7439
C,6.1561,-12.082,30.7439
C,7.3853,-11.3724,30.7439
C,9.5884,-9.5884,30.7439
C,10.5381,-8.5336,30.7439
C,12.082,-6.1561,30.7439
C,12.6594,-4.8595,30.7439
C,13.3931,-2.1213,30.7439
C,13.5414,-0.7097,30.7439
C,13.3931,2.1213,30.7439
C,13.098,3.5096,30.7439
C,12.082,6.1561,30.7439
C,11.3724,7.3853,30.7439
C,9.5884,9.5884,30.7439
C,8.5336,10.5381,30.7439
C,6.1561,12.082,30.7439
C,4.8595,12.6594,30.7439
C,2.1213,13.3931,30.7439
C,0.7097,13.5414,30.7439
C,-2.1213,13.3931,30.7439
C,-3.5096,13.098,30.7439
C,-6.1561,12.082,30.7439
C,-7.3853,11.3724,30.7439
C,-9.5884,9.5884,30.7439
C,-10.5381,8.5336,30.7439
C,-12.082,6.1561,30.7439
C,-12.6594,4.8595,30.7439
C,-13.3931,2.1213,30.7439
C,-13.5414,0.7097,30.7439
C,-13.3931,-2.1213,30.7439
C,-13.098,-3.5096,30.7439
C,-12.082,-6.1561,30.7439
C,-11.3724,-7.3853,30.7439
C,-7.9704,-10.9703,31.9737
C,-6.78,-11.7433,31.9737
C,-4.1903,-12.8963,31.9737
C,-2.8193,-13.2637,31.9737
C,0,-13.56,31.9737
C,1.4174,-13.4857,31.9737
C,4.1903,-12.8963,31.9737
C,5.5153,-12.3877,31.9737
C,7.9704,-10.9703,31.9737
C,9.0734,-10.077,31.9737
C,10.9703,-7.9704,31.9737
C,11.7433,-6.78,31.9737
C,12.8963,-4.1903,31.9737
C,13.2637,-2.8193,31.9737
C,13.56,0,31.9737
C,13.4857,1.4174,31.9737
C,12.8963,4.1903,31.9737
C,12.3877,5.5153,31.9737
C,10.9703,7.9704,31.9737
C,10.077,9.0734,31.9737
C,7.9704,10.9703,31.9737
C,6.78,11.7433,31.9737
C,4.1903,12.8963,31.9737
C,2.8193,13.2637,31.9737
C,0,13.56,31.9737
C,-1.4174,13.4857,31.9737
C,-4.1903,12.8963,31.9737
C,-5.5153,12.3877,31.9737
C,-7.9704,10.9703,31.9737
C,-9.0734,10.077,31.9737
C,-10.9703,7.9704,31.9737
C,-11.7433,6.78,31.9737
C,-12.8963,4.1903,31.9737
C,-13.2637,2.8193,31.9737
C,-13.56,0,31.9737
C,-13.4857,-1.4174,31.9737
C,-12.8963,-4.1903,31.9737
C,-12.3877,-5.5153,31.9737
C,-10.9703,-7.9704,31.9737
C,-10.077,-9.0734,31.9737
C,-6.1561,-12.082,33.2034
C,-4.8595,-12.6594,33.2034
C,-2.1213,-13.3931,33.2034
C,-0.7097,-13.5414,33.2034
C,2.1213,-13.3931,33.2034
C,3.5096,-13.098,33.2034
C,6.1561,-12.082,33.2034
C,7.3853,-11.3724,33.2034
C,9.5884,-9.5884,33.2034
C,10.5381,-8.5336,33.2034
C,12.082,-6.1561,33.2034
C,12.6594,-4.8595,33.2034
C,13.3931,-2.1213,33.2034
C,13.5414,-0.7097,33.2034
C,13.3931,2.1213,33.2034
C,13.098,3.5096,33.2034
C,12.082,6.1561,33.2034
C,11.3724,7.3853,33.2034
C,9.5884,9.5884,33.2034
C,8.5336,10.5381,33.2034
C,6.1561,12.082,33.2034
C,4.8595,12.6594,33.2034
C,2.1213,13.3931,33.2034
C,0.7097,13.5414,33.2034
C,-2.1213,13.3931,33.2034
C,-3.5096,13.098,33.2034
C,-6.1561,12.082,33.2034
C,-7.3853,11.3724,33.2034
C,-9.5884,9.5884,33.2034
C,-10.5381,8.5336,33.2034
C,-12.082,6.1561,33.2034
C,-12.6594,4.8595,33.2034
C,-13.3931,2.1213,33.2034
C,-13.5414,0.7097,33.2034
C,-13.3931,-2.1213,33.2034
C,-13.098,-3.5096,33.2034
C,-12.082,-6.1561,33.2034
C,-11.3724,-7.3853,33.2034
C,-9.5884,-9.5884,33.2034
C,-8.5336,-10.5381,33.2034
C,-4.1903,-12.8963,34.4332
C,-2.8193,-13.2637,34.4332
C,0,-13.56,34.4332
C,1.4174,-13.4857,34.4332
C,4.1903,-12.8963,34.4332
C,5.5153,-12.3877,34.4332
C,7.9704,-10.9703,34.4332
C,9.0734,-10.077,34.4332
C,10.9703,-7.9704,34.4332
C,11.7433,-6.78,34.4332
C,12.8963,-4.1903,34.4332
C,13.2637,-2.8193,34.4332
C,13.56,0,34.4332
C,13.4857,1.4174,34.4332
C,12.8963,4.1903,34.4332
C,12.3877,5.5153,34.4332
C,10.9703,7.9704,34.4332
C,10.077,9.0734,34.4332
C,7.9704,10.9703,34.4332
C,6.78,11.7433,34.4332
C,4.1903,12.8963,34.4332
C,2.8193,13.2637,34.4332
C,0,13.56,34.4332
C,-1.4174,13.4857,34.4332
C,-4.1903,12.8963,34.4332
C,-5.5153,12.3877,34.4332
C,-7.9704,10.9703,34.4332
C,-9.0734,10.077,34.4332
C,-10.9703,7.9704,34.4332
C,-11.7433,6.78,34.4332
C,-12.8963,4.1903,34.4332
C,-13.2637,2.8193,34.4332
C,-13.56,0,34.4332
C,-13.4857,-1.4174,34.4332
C,-12.8963,-4.1903,34.4332
C,-12.3877,-5.5153,34.4332
C,-10.9703,-7.9704,34.4332
C,-10.077,-9.0734,34.4332
C,-7.9704,-10.9703,34.4332
C,-6.78,-11.7433,34.4332
C,-2.1213,-13.3931,35.6629
C,-0.7097,-13.5414,35.6629
C,2.1213,-13.3931,35.6629
C,3.5096,-13.098,35.6629
C,6.1561,-12.082,35.6629
C,7.3853,-11.3724,35.6629
C,9.5884,-9.5884,35.6629
C,10.5381,-8.5336,35.6629
C,12.082,-6.1561,35.6629
C,12.6594,-4.8595,35.6629
C,13.3931,-2.1213,35.6629
C,13.5414,-0.7097,35.6629
C,13.3931,2.1213,35.6629
C,13.098,3.5096,35.6629
C,12.082,6.1561,35.6629
C,11.3724,7.3853,35.6629
C,9.5884,9.5884,35.6629
C,8.5336,10.5381,35.6629
C,6.1561,12.082,35.6629
C,4.8595,12.6594,35.6629
C,2.1213,13.3931,35.6629
C,0.7097,13.5414,35.6629
C,-2.1213,13.3931,35.6629
C,-3.5096,13.098,35.6629
C,-6.1561,12.082,35.6629
C,-7.3853,11.3724,35.6629
C,-9.5884,9.5884,35.6629
C,-10.5381,8.5336,35.6629
C,-12.082,6.1561,35.6629
C,-12.6594,4.8595,35.6629
C,-13.3931,2.1213,35.6629
C,-13.5414,0.7097,35.6629
C,-13.3931,-2.1213,35.6629
C,-13.098,-3.5096,35.6629
C,-12.082,-6.1561,35.6629
C,-11.3724,-7.3853,35.6629
C,-9.5884,-9.5884,35.6629
C,-8.5336,-10.5381,35.6629
C,-6.1561,-12.082,35.6629
C,-4.8595,-12.6594,35.6629
C,0,-13.56,36.8927
C,1.4174,-13.4857,36.8927
C,4.1903,-12.8963,36.8927
C,5.5153,-12.3877,36.8927
C,7.9704,-10.9703,36.8927
C,9.0734,-10.077,36.8927
C,10.9703,-7.9704,36.8927
C,11.7433,-6.78,36.8927
C,12.8963,-4.1903,36.8927
C,13.2637,-2.8193,36.8927
C,13.56,0,36.8927
C,13.4857,1.4174,36.8927
C,12.8963,4.1903,36.8927
C,12.3877,5.5153,36.8927
C,10.9703,7.9704,36.8927
C,10.077,9.0734,36.8927
C,7.9704,10.9703,36.8927
C,6.78,11.7433,36.8927
C,4.1903,12.8963,36.8927
C,2.8193,13.2637,36.8927
C,0,13.56,36.8927
C,-1.4174,13.4857,36.8927
C,-4.1903,12.8963,36.8927
C,-5.5153,12.3877,36.8927
C,-7.9704,10.9703,36.8927
C,-9.0734,10.077,36.8927
C,-10.9703,7.9704,36.8927
C,-11.7433,6.78,36.8927
C,-12.8963,4.1903,36.8927
C,-13.2637,2.8193,36.8927
C,-13.56,0,36.8927
C,-13.4857,-1.4174,36.8927
C,-12.8963,-4.1903,36.8927
C,-12.3877,-5.5153,36.8927
C,-10.9703,-7.9704,36.8927
C,-10.077,-9.0734,36.8927
C,-7.9704,-10.9703,36.8927
C,-6.78,-11.7433,36.8927
C,-4.1903,-12.8963,36.8927
C,-2.8193,-13.2637,36.8927
C,2.1213,-13.3931,38.1224
C,3.5096,-13.098,38.1224
C,6.1561,-12.082,38.1224
C,7.3853,-11.3724,38.1224
C,9.5884,-9.5884,38.1224
C,10.5381,-8.5336,38.1224
C,12.082,-6.1561,38.1224
C,12.6594,-4.8595,38.1224
C,13.3931,-2.1213,38.1224
C,13.5414,-0.7097,38.1224
C,13.3931,2.1213,38.1224
C,13.098,3.5096,38.1224
C,12.082,6.1561,38.1224
C,11.3724,7.3853,38.1224
C,9.5884,9.5884,38.1224
C,8.5336,10.5381,38.1224
C,6.1561,12.082,38.1224
C,4.8595,12.6594,38.1224
C,2.1213,13.3931,38.1224
C,0.7097,13.5414,38.1224
C,-2.1213,13.3931,38.1224
C,-3.5096,13.098,38.1224
C,-6.1561,12.082,38.1224
C,-7.3853,11.3724,38.1224
C,-9.5884,9.5884,38.1224
C,-10.5381,8.5336,38.1224
C,-12.082,6.1561,38.1224
C,-12.6594,4.8595,38.1224
C,-13.3931,2.1213,38.1224
C,-13.5414,0.7097,38.1224
C,-13.3931,-2.1213,38.1224
C,-13.098,-3.5096,38.1224
C,-12.082,-6.1561,38.1224
C,-11.3724,-7.3853,38.1224
C,-9.5884,-9.5884,38.1224
C,-8.5336,-10.5381,38.1224
C,-6.1561,-12.082,38.1224
C,-4.8595,-12.6594,38.1224
C,-2.1213,-13.3931,38.1224
C,-0.7097,-13.5414,38.1224
C,4.1903,-12.8963,39.3522
C,5.5153,-12.3877,39.3522
C,7.9704,-10.9703,39.3522
C,9.0734,-10.077,39.3522
C,10.9703,-7.9704,39.3522
C,11.7433,-6.78,39.3522
C,12.8963,-4.1903,39.3522
C,13.2637,-2.8193,39.3522
C,13.56,0,39.3522
C,13.4857,1.4174,39.3522
C,12.8963,4.1903,39.3522
C,12.3877,5.5153,39.3522
C,10.9703,7.9704,39.3522
C,10.077,9.0734,39.3522
C,7.9704,10.9703,39.3522
C,6.78,11.7433,39.3522
C,4.1903,12.8963,39.3522
C,2.8193,13.2637,39.3522
C,0,13.56,39.3522
C,-1.4174,13.4857,39.3522
C,-4.1903,12.8963,39.3522
C,-5.5153,12.3877,39.3522
C,-7.9704,10.9703,39.3522
C,-9.0734,10.077,39.3522
C,-10.9703,7.9704,39.3522
C,-11.7433,6.78,39.3522
C,-12.8963,4.1903,39.3522
C,-13.2637,2.8193,39.3522
C,-13.56,0,39.3522
C,-13.4857,-1.4174,39.3522
C,-12.8963,-4.1903,39.3522
C,-12.3877,-5.5153,39.3522
C,-10.9703,-7.9704,39.3522
C,-10.077,-9.0734,39.3522
C,-7.9704,-10.9703,39.3522
C,-6.78,-11.7433,39.3522
C,-4.1903,-12.8963,39.3522
C,-2.8193,-13.2637,39.3522
C,0,-13.56,39.3522
C,1.4174,-13.4857,39.3522
C,6.1561,-12.082,40.582
C,7.3853,-11.3724,40.582
C,9.5884,-9.5884,40.582
C,10.5381,-8.5336,40.582
C,12.082,-6.1561,40.582
C,12.6594,-4.8595,40.582
C,13.3931,-2.1213,40.582
C,13.5414,-0.7097,40.582
C,13.3931,2.1213,40.582
C,13.098,3.5096,40.582
C,12.082,6.1561,40.582
C,11.3724,7.3853,40.582
C,9.5884,9.5884,40.582
C,8.5336,10.5381,40.582
C,6.1561,12.082,40.582
C,4.8595,12.6594,40.582
C,2.1213,13.3931,40.582
C,0.7097,13.5414,40.582
C,-2.1213,13.3931,40.582
C,-3.5096,13.098,40.582
C,-6.1561,12.082,40.582
C,-7.3853,11.3724,40.582
C,-9.5884,9.5884,40.582
C,-10.5381,8.5336,40.582
C,-12.082,6.1561,40.582
C,-12.6594,4.8595,40.582
C,-13.3931,2.1213,40.582
C,-13.5414,0.7097,40.582
C,-13.3931,-2.1213,40.582
C,-13.098,-3.5096,40.582
C,-12.082,-6.1561,40.582
C,-11.3724,-7.3853,40.582
C,-9.5884,-9.5884,40.582
C,-8.5336,-10.5381,40.582
C,-6.1561,-12.082,40.582
C,-4.8595,-12.6594,40.582
C,-2.1213,-13.3931,40.582
C,-0.7097,-13.5414,40.582
C,2.1213,-13.3931,40.582
C,3.5096,-13.098,40.582
C,7.9704,-10.9703,41.8117
C,9.0734,-10.077,41.8117
C,10.9703,-7.9704,41.8117
C,11.7433,-6.78,41.8117
C,12.8963,-4.1903,41.8117
C,13.2637,-2.8193,41.8117
C,13.56,0,41.8117
C,13.4857,1.4174,41.8117
C,12.8963,4.1903,41.8117
C,12.3877,5.5153,41.8117
C,10.9703,7.9704,41.8117
C,10.077,9.0734,41.8117
C,7.9704,10.9703,41.8117
C,6.78,11.7433,41.8117
C,4.1903,12.8963,41.8117
C,2.8193,13.2637,41.8117
C,0,13.56,41.8117
C,-1.4174,13.4857,41.8117
C,-4.1903,12.8963,41.8117
C,-5.5153,12.3877,41.8117
C,-7.9704,10.9703,41.8117
C,-9.0734,10.077,41.8117
C,-10.9703,7.9704,41.8117
C,-11.7433,6.78,41.8117
C,-12.8963,4.1903,41.8117
C,-13.2637,2.8193,41.8117
C,-13.56,0,41.8117
C,-13.4857,-1.4174,41.8117
C,-12.8963,-4.1903,41.8117
C,-12.3877,-5.5153,41.8117
C,-10.9703,-7.9704,41.8117
C,-10.077,-9.0734,41.8117
C,-7.9704,-10.9703,41.8117
C,-6.78,-11.7433,41.8117
C,-4.1903,-12.8963,41.8117
C,-2.8193,-13.2637,41.8117
C,0,-13.56,41.8117
C,1.4174,-13.4857,41.8117
C,4.1903,-12.8963,41.8117
C,5.5153,-12.3877,41.8117
C,9.5884,-9.5884,43.0415
C,10.5381,-8.5336,43.0415
C,12.082,-6.1561,43.0415
C,12.6594,-4.8595,43.0415
C,13.3931,-2.1213,43.0415
C,13.5414,-0.7097,43.0415
C,13.3931,2.1213,43.0415
C,13.098,3.5096,43.0415
C,12.082,6.1561,43.0415
C,11.3724,7.3853,43.0415
C,9.5884,9.5884,43.0415
C,8.5336,10.5381,43.0415
C,6.1561,12.082,43.0415
C,4.8595,12.6594,43.0415
C,2.1213,13.3931,43.0415
C,0.7097,13.5414,43.0415
C,-2.1213,13.3931,43.0415
C,-3.5096,13.098,43.0415
C,-6.1561,12.082,43.0415
C,-7.3853,11.3724,43.0415
C,-9.5884,9.5884,43.0415
C,-10.5381,8.5336,43.0415
C,-12.082,6.1561,43.0415
C,-12.6594,4.8595,43.0415
C,-13.3931,2.1213,43.0415
C,-13.5414,0.7097,43.0415
C,-13.3931,-2.1213,43.0415
C,-13.098,-3.5096,43.0415
C,-12.082,-6.1561,43.0415
C,-11.3724,-7.3853,43.0415
C,-9.5884,-9.5884,43.0415
C,-8.5336,-10.5381,43.0415
C,-6.1561,-12.082,43.0415
C,-4.8595,-12.6594,43.0415
C,-2.1213,-13.3931,43.0415
C,-0.7097,-13.5414,43.0415
C,2.1213,-13.3931,43.0415
C,3.5096,-13.098,43.0415
C,6.1561,-12.082,43.0415
C,7.3853,-11.3724,43.0415
C,10.9703,-7.9704,44.2712
C,11.7433,-6.78,44.2712
C,12.8963,-4.1903,44.2712
C,13.2637,-2.8193,44.2712
C,13.56,0,44.2712
C,13.4857,1.4174,44.2712
C,12.8963,4.1903,44.2712
C,12.3877,5.5153,44.2712
C,10.9703,7.9704,44.2712
C,10.077,9.0734,44.2712
C,7.9704,10.9703,44.2712
C,6.78,11.7433,44.2712
C,4.1903,12.8963,44.2712
C,2.8193,13.2637,44.2712
C,0,13.56,44.2712
C,-1.4174,13.4857,44.2712
C,-4.1903,12.8963,44.2712
C,-5.5153,12.3877,44.2712
C,-7.9704,10.9703,44.2712
C,-9.0734,10.077,44.2712
C,-10.9703,7.9704,44.2712
C,-11.7433,6.78,44.2712
C,-12.8963,4.1903,44.2712
C,-13.2637,2.8193,44.2712
C,-13.56,0,44.2712
C,-13.4857,-1.4174,44.2712
C,-12.8963,-4.1903,44.2712
C,-12.3877,-5.5153,44.2712
C,-10.9703,-7.9704,44.2712
C,-10.077,-9.0734,44.2712
C,-7.9704,-10.9703,44.2712
C,-6.78,-11.7433,44.2712
C,-4.1903,-12.8963,44.2712
C,-2.8193,-13.2637,44.2712
C,0,-13.56,44.2712
C,1.4174,-13.4857,44.2712
C,4.1903,-12.8963,44.2712
C,5.5153,-12.3877,44.2712
C,7.9704,-10.9703,44.2712
C,9.0734,-10.077,44.2712
C,12.082,-6.1561,45.501
C,12.6594,-4.8595,45.501
C,13.3931,-2.1213,45.501
C,13.5414,-0.7097,45.501
C,13.3931,2.1213,45.501
C,13.098,3.5096,45.501
C,12.082,6.1561,45.501
C,11.3724,7.3853,45.501
C,9.5884,9.5884,45.501
C,8.5336,10.5381,45.501
C,6.1561,12.082,45.501
C,4.8595,12.6594,45.501
C,2.1213,13.3931,45.501
C,0.7097,13.5414,45.501
C,-2.1213,13.3931,45.501
C,-3.5096,13.098,45.501
C,-6.1561,12.082,45.501
C,-7.3853,11.3724,45.501
C,-9.5884,9.5884,45.501
C,-10.5381,8.5336,45.501
C,-12.082,6.1561,45.501
C,-12.6594,4.8595,45.501
C,-13.3931,2.1213,45.501
C,-13.5414,0.7097,45.501
C,-13.3931,-2.1213,45.501
C,-13.098,-3.5096,45.501
C,-12.082,-6.1561,45.501
C,-11.3724,-7.3853,45.501
C,-9.5884,-9.5884,45.501
C,-8.5336,-10.5381,45.501
C,-6.1561,-12.082,45.501
C,-4.8595,-12.6594,45.501
C,-2.1213,-13.3931,45.501
C,-0.7097,-13.5414,45.501
C,2.1213,-13.3931,45.501
C,3.5096,-13.098,45.501
C,6.1561,-12.082,45.501
C,7.3853,-11.3724,45.501
C,9.5884,-9.5884,45.501
C,10.5381,-8.5336,45.501
C,12.8963,-4.1903,46.7307
C,13.2637,-2.8193,46.7307
C,13.56,0,46.7307
C,13.4857,1.4174,46.7307
C,12.8963,4.1903,46.7307
C,12.3877,5.5153,46.7307
C,10.9703,7.9704,46.7307
C,10.077,9.0734,46.7307
C,7.9704,10.9703,46.7307
C,6.78,11.7433,46.7307
C,4.1903,12.8963,46.7307
C,2.8193,13.2637,46.7307
C,0,13.56,46.7307
C,-1.4174,13.4857,46.7307
C,-4.1903,12.8963,46.7307
C,-5.5153,12.3877,46.7307
C,-7.9704,10.9703,46.7307
C,-9.0734,10.077,46.7307
C,-10.9703,7.9704,46.7307
C,-11.7433,6.78,46.7307
C,-12.8963,4.1903,46.7307
C,-13.2637,2.8193,46.7307
C,-13.56,0,46.7307
C,-13.4857,-1.4174,46.7307
C,-12.8963,-4.1903,46.7307
C,-12.3877,-5.5153,46.7307
C,-10.9703,-7.9704,46.7307
C,-10.077,-9.0734,46.7307
C,-7.9704,-10.9703,46.7307
C,-6.78,-11.7433,46.7307
C,-4.1903,-12.8963,46.7307
C,-2.8193,-13.2637,46.7307
C,0,-13.56,46.7307
C,1.4174,-13.4857,46.7307
C,4.1903,-12.8963,46.7307
C,5.5153,-12.3877,46.7307
C,7.9704,-10.9703,46.7307
C,9.0734,-10.077,46.7307
C,10.9703,-7.9704,46.7307
C,11.7433,-6.78,46.7307
C,13.3931,-2.1213,47.9605
C,13.5414,-0.7097,47.9605
C,13.3931,2.1213,47.9605
C,13.098,3.5096,47.9605
C,12.082,6.1561,47.9605
C,11.3724,7.3853,47.9605
C,9.5884,9.5884,47.9605
C,8.5336,10.5381,47.9605
C,6.1561,12.082,47.9605
C,4.8595,12.6594,47.9605
C,2.1213,13.3931,47.9605
C,0.7097,13.5414,47.9605
C,-2.1213,13.3931,47.9605
C,-3.5096,13.098,47.9605
C,-6.1561,12.082,47.9605
C,-7.3853,11.3724,47.9605
C,-9.5884,9.5884,47.9605
C,-10.5381,8.5336,47.9605
C,-12.082,6.1561,47.9605
C,-12.6594,4.8595,47.9605
C,-13.3931,2.1213,47.9605
C,-13.5414,0.7097,47.9605
C,-13.3931,-2.1213,47.9605
C,-13.098,-3.5096,47.9605
C,-12.082,-6.1561,47.9605
C,-11.3724,-7.3853,47.9605
C,-9.5884,-9.5884,47.9605
C,-8.5336,-10.5381,47.9605
C,-6.1561,-12.082,47.9605
C,-4.8595,-12.6594,47.9605
C,-2.1213,-13.3931,47.9605
C,-0.7097,-13.5414,47.9605
C,2.1213,-13.3931,47.9605
C,3.5096,-13.098,47.9605
C,6.1561,-12.082,47.9605
C,7.3853,-11.3724,47.9605
C,9.5884,-9.5884,47.9605
C,10.5381,-8.5336,47.9605
C,12.082,-6.1561,47.9605
C,12.6594,-4.8595,47.9605
C,13.56,0,49.1902
C,13.4857,1.4174,49.1902
C,12.8963,4.1903,49.1902
C,12.3877,5.5153,49.1902
C,10.9703,7.9704,49.1902
C,10.077,9.0734,49.1902
C,7.9704,10.9703,49.1902
C,6.78,11.7433,49.1902
C,4.1903,12.8963,49.1902
C,2.8193,13.2637,49.1902
C,0,13.56,49.1902
C,-1.4174,13.4857,49.1902
C,-4.1903,12.8963,49.1902
C,-5.5153,12.3877,49.1902
C,-7.9704,10.9703,49.1902
C,-9.0734,10.077,49.1902
C,-10.9703,7.9704,49.1902
C,-11.7433,6.78,49.1902
C,-12.8963,4.1903,49.1902
C,-13.2637,2.8193,49.1902
C,-13.56,0,49.1902
C,-13.4857,-1.4174,49.1902
C,-12.8963,-4.1903,49.1902
C,-12.3877,-5.5153,49.1902
C,-10.9703,-7.9704,49.1902
C,-10.077,-9.0734,49.1902
C,-7.9704,-10.9703,49.1902
C,-6.78,-11.7433,49.1902
C,-4.1903,-12.8963,49.1902
C,-2.8193,-13.2637,49.1902
C,0,-13.56,49.1902
C,1.4174,-13.4857,49.1902
C,4.1903,-12.8963,49.1902
C,5.5153,-12.3877,49.1902
C,7.9704,-10.9703,49.1902
C,9.0734,-10.077,49.1902
C,10.9703,-7.9704,49.1902
C,11.7433,-6.78,49.1902
C,12.8963,-4.1903,49.1902
C,13.2637,-2.8193,49.1902
C,13.3931,2.1213,50.42
C,13.098,3.5096,50.42
C,12.082,6.1561,50.42
C,11.3724,7.3853,50.42
C,9.5884,9.5884,50.42
C,8.5336,10.5381,50.42
C,6.1561,12.082,50.42
C,4.8595,12.6594,50.42
C,2.1213,13.3931,50.42
C,0.7097,13.5414,50.42
C,-2.1213,13.3931,50.42
C,-3.5096,13.098,50.42
C,-6.1561,12.082,50.42
C,-7.3853,11.3724,50.42
C,-9.5884,9.5884,50.42
C,-10.5381,8.5336,50.42
C,-12.082,6.1561,50.42
C,-12.6594,4.8595,50.42
C,-13.3931,2.1213,50.42
C,-13.5414,0.7097,50.42
C,-13.3931,-2.1213,50.42
C,-13.098,-3.5096,50.42
C,-12.082,-6.1561,50.42
C,-11.3724,-7.3853,50.42
C,-9.5884,-9.5884,50.42
C,-8.5336,-10.5381,50.42
C,-6.1561,-12.082,50.42
C,-4.8595,-12.6594,50.42
C,-2.1213,-13.3931,50.42
C,-0.7097,-13.5414,50.42
C,2.1213,-13.3931,50.42
C,3.5096,-13.098,50.42
C,6.1561,-12.082,50.42
C,7.3853,-11.3724,50.42
C,9.5884,-9.5884,50.42
C,10.5381,-8.5336,50.42
C,12.082,-6.1561,50.42
C,12.6594,-4.8595,50.42
C,13.3931,-2.1213,50.42
C,13.5414,-0.7097,50.42
C,12.8963,4.1903,51.6498
C,12.3877,5.5153,51.6498
C,10.9703,7.9704,51.6498
C,10.077,9.0734,51.6498
C,7.9704,10.9703,51.6498
C,6.78,11.7433,51.6498
C,4.1903,12.8963,51.6498
C,2.8193,13.2637,51.6498
C,0,13.56,51.6498
C,-1.4174,13.4857,51.6498
C,-4.1903,12.8963,51.6498
C,-5.5153,12.3877,51.6498
C,-7.9704,10.9703,51.6498
C,-9.0734,10.077,51.6498
C,-10.9703,7.9704,51.6498
C,-11.7433,6.78,51.6498
C,-12.8963,4.1903,51.6498
C,-13.2637,2.8193,51.6498
C,-13.56,0,51.6498
C,-13.4857,-1.4174,51.6498
C,-12.8963,-4.1903,51.6498
C,-12.3877,-5.5153,51.6498
C,-10.9703,-7.9704,51.6498
C,-10.077,-9.0734,51.6498
C,-7.9704,-10.9703,51.6498
C,-6.78,-11.7433,51.6498
C,-4.1903,-12.8963,51.6498
C,-2.8193,-13.2637,51.6498
C,0,-13.56,51.6498
C,1.4174,-13.4857,51.6498
C,4.1903,-12.8963,51.6498
C,5.5153,-12.3877,51.6498
C,7.9704,-10.9703,51.6498
C,9.0734,-10.077,51.6498
C,10.9703,-7.9704,51.6498
C,11.7433,-6.78,51.6498
C,12.8963,-4.1903,51.6498
C,13.2637,-2.8193,51.6498
C,13.56,0,51.6498
C,13.4857,1.4174,51.6498
C,12.082,6.1561,52.8795
C,11.3724,7.3853,52.8795
C,9.5884,9.5884,52.8795
C,8.5336,10.5381,52.8795
C,6.1561,12.082,52.8795
C,4.8595,12.6594,52.8795
C,2.1213,13.3931,52.8795
C,0.7097,13.5414,52.8795
C,-2.1213,13.3931,52.8795
C,-3.5096,13.098,52.8795
C,-6.1561,12.082,52.8795
C,-7.3853,11.3724,52.8795
C,-9.5884,9.5884,52.8795
C,-10.5381,8.5336,52.8795
C,-12.082,6.1561,52.8795
C,-12.6594,4.8595,52.8795
C,-13.3931,2.1213,52.8795
C,-13.5414,0.7097,52.8795
C,-13.3931,-2.1213,52.8795
C,-13.098,-3.5096,52.8795
C,-12.082,-6.1561,52.8795
C,-11.3724,-7.3853,52.8795
C,-9.5884,-9.5884,52.8795
C,-8.5336,-10.5381,52.8795
C,-6.1561,-12.082,52.8795
C,-4.8595,-12.6594,52.8795
C,-2.1213,-13.3931,52.8795
C,-0.7097,-13.5414,52.8795
C,2.1213,-13.3931,52.8795
C,3.5096,-13.098,52.8795
C,6.1561,-12.082,52.8795
C,7.3853,-11.3724,52.8795
C,9.5884,-9.5884,52.8795
C,10.5381,-8.5336,52.8795
C,12.082,-6.1561,52.8795
C,12.6594,-4.8595,52.8795
C,13.3931,-2.1213,52.8795
C,13.5414,-0.7097,52.8795
C,13.3931,2.1213,52.8795
C,13.098,3.5096,52.8795
C,10.9703,7.9704,54.1093
C,10.077,9.0734,54.1093
C,7.9704,10.9703,54.1093
C,6.78,11.7433,54.1093
C,4.1903,12.8963,54.1093
C,2.8193,13.2637,54.1093
C,0,13.56,54.1093
C,-1.4174,13.4857,54.1093
C,-4.1903,12.8963,54.1093
C,-5.5153,12.3877,54.1093
C,-7.9704,10.9703,54.1093
C,-9.0734,10.077,54.1093
C,-10.9703,7.9704,54.1093
C,-11.7433,6.78,54.1093
C,-12.8963,4.1903,54.1093
C,-13.2637,2.8193,54.1093
C,-13.56,0,54.1093
C,-13.4857,-1.4174,54.1093
C,-12.8963,-4.1903,54.1093
C,-12.3877,-5.5153,54.1093
C,-10.9703,-7.9704,54.1093
C,-10.077,-9.0734,54.1093
C,-7.9704,-10.9703,54.1093
C,-6.78,-11.7433,54.1093
C,-4.1903,-12.8963,54.1093
C,-2.8193,-13.2637,54.1093
C,0,-13.56,54.1093
C,1.4174,-13.4857,54.1093
C,4.1903,-12.8963,54.1093
C,5.5153,-12.3877,54.1093
C,7.9704,-10.9703,54.1093
C,9.0734,-10.077,54.1093
C,10.9703,-7.9704,54.1093
C,11.7433,-6.78,54.1093
C,12.8963,-4.1903,54.1093
C,13.2637,-2.8193,54.1093
C,13.56,0,54.1093
C,13.4857,1.4174,54.1093
C,12.8963,4.1903,54.1093
C,12.3877,5.5153,54.1093
C,9.5884,9.5884,55.339
C,8.5336,10.5381,55.339
C,6.1561,12.082,55.339
C,4.8595,12.6594,55.339
C,2.1213,13.3931,55.339
C,0.7097,13.5414,55.339
C,-2.1213,13.3931,55.339
C,-3.5096,13.098,55.339
C,-6.1561,12.082,55.339
C,-7.3853,11.3724,55.339
C,-9.5884,9.5884,55.339
C,-10.5381,8.5336,55.339
C,-12.082,6.1561,55.339
C,-12.6594,4.8595,55.339
C,-13.3931,2.1213,55.339
C,-13.5414,0.7097,55.339
C,-13.3931,-2.1213,55.339
C,-13.098,-3.5096,55.339
C,-12.082,-6.1561,55.339
C,-11.3724,-7.3853,55.339
C,-9.5884,-9.5884,55.339
C,-8.5336,-10.5381,55.339
C,-6.1561,-12.082,55.339
C,-4.8595,-12.6594,55.339
C,-2.1213,-13.3931,55.339
C,-0.7097,-13.5414,55.339
C,2.1213,-13.3931,55.339
C,3.5096,-13.098,55.339
C,6.1561,-12.082,55.339
C,7.3853,-11.3724,55.339
C,9.5884,-9.5884,55.339
C,10.5381,-8.5336,55.339
C,12.082,-6.1561,55.339
C,12.6594,-4.8595,55.339
C,13.3931,-2.1213,55.339
C,13.5414,-0.7097,55.339
C,13.3931,2.1213,55.339
C,13.098,3.5096,55.339
C,12.082,6.1561,55.339
C,11.3724,7.3853,55.339
C,7.9704,10.9703,56.5688
C,6.78,11.7433,56.5688
C,4.1903,12.8963,56.5688
C,2.8193,13.2637,56.5688
C,0,13.56,56.5688
C,-1.4174,13.4857,56.5688
C,-4.1903,12.8963,56.5688
C,-5.5153,12.3877,56.5688
C,-7.9704,10.9703,56.5688
C,-9.0734,10.077,56.5688
C,-10.9703,7.9704,56.5688
C,-11.7433,6.78,56.5688
C,-12.8963,4.1903,56.5688
C,-13.2637,2.8193,56.5688
C,-13.56,0,56.5688
C,-13.4857,-1.4174,56.5688
C,-12.8963,-4.1903,56.5688
C,-12.3877,-5.5153,56.5688
C,-10.9703,-7.9704,56.5688
C,-10.077,-9.0734,56.5688
C,-7.9704,-10.9703,56.5688
C,-6.78,-11.7433,56.5688
C,-4.1903,-12.8963,56.5688
C,-2.8193,-13.2637,56.5688
C,0,-13.56,56.5688
C,1.4174,-13.4857,56.5688
C,4.1903,-12.8963,56.5688
C,5.5153,-12.3877,56.5688
C,7.9704,-10.9703,56.5688
C,9.0734,-10.077,56.5688
C,10.9703,-7.9704,56.5688
C,11.7433,-6.78,56.5688
C,12.8963,-4.1903,56.5688
C,13.2637,-2.8193,56.5688
C,13.56,0,56.5688
C,13.4857,1.4174,56.5688
C,12.8963,4.1903,56.5688
C,12.3877,5.5153,56.5688
C,10.9703,7.9704,56.5688
C,10.077,9.0734,56.5688
C,6.1561,12.082,57.7985
C,4.8595,12.6594,57.7985
C,2.1213,13.3931,57.7985
C,0.7097,13.5414,57.7985
C,-2.1213,13.3931,57.7985
C,-3.5096,13.098,57.7985
C,-6.1561,12.082,57.7985
C,-7.3853,11.3724,57.7985
C,-9.5884,9.5884,57.7985
C,-10.5381,8.5336,57.7985
C,-12.082,6.1561,57.7985
C,-12.6594,4.8595,57.7985
C,-13.3931,2.1213,57.7985
C,-13.5414,0.7097,57.7985
C,-13.3931,-2.1213,57.7985
C,-13.098,-3.5096,57.7985
C,-12.082,-6.1561,57.7985
C,-11.3724,-7.3853,57.7985
C,-9.5884,-9.5884,57.7985
C,-8.5336,-10.5381,57.7985
C,-6.1561,-12.082,57.7985
C,-4.8595,-12.6594,57.7985
C,-2.1213,-13.3931,57.7985
C,-0.7097,-13.5414,57.7985
C,2.1213,-13.3931,57.7985
C,3.5096,-13.098,57.7985
C,6.1561,-12.082,57.7985
C,7.3853,-11.3724,57.7985
C,9.5884,-9.5884,57.7985
C,10.5381,-8.5336,57.7985
C,12.082,-6.1561,57.7985
C,12.6594,-4.8595,57.7985
C,13.3931,-2.1213,57.7985
C,13.5414,-0.7097,57.7985
C,13.3931,2.1213,57.7985
C,13.098,3.5096,57.7985
C,12.082,6.1561,57.7985
C,11.3724,7.3853,57.7985
C,9.5884,9.5884,57.7985
C,8.5336,10.5381,57.7985
C,4.1903,12.8963,59.0283
C,2.8193,13.2637,59.0283
C,0,13.56,59.0283
C,-1.4174,13.4857,59.0283
C,-4.1903,12.8963,59.0283
C,-5.5153,12.3877,59.0283
C,-7.9704,10.9703,59.0283
C,-9.0734,10.077,59.0283
C,-10.9703,7.9704,59.0283
C,-11.7433,6.78,59.0283
C,-12.8963,4.1903,59.0283
C,-13.2637,2.8193,59.0283
C,-13.56,0,59.0283
C,-13.4857,-1.4174,59.0283
C,-12.8963,-4.1903,59.0283
C,-12.3877,-5.5153,59.0283
C,-10.9703,-7.9704,59.0283
C,-10.077,-9.0734,59.0283
C,-7.9704,-10.9703,59.0283
C,-6.78,-11.7433,59.0283
C,-4.1903,-12.8963,59.0283
C,-2.8193,-13.2637,59.0283
C,0,-13.56,59.0283
C,1.4174,-13.4857,59.0283
C,4.1903,-12.8963,59.0283
C,5.5153,-12.3877,59.0283
C,7.9704,-10.9703,59.0283
C,9.0734,-10.077,59.0283
C,10.9703,-7.9704,59.0283
C,11.7433,-6.78,59.0283
C,12.8963,-4.1903,59.0283
C,13.2637,-2.8193,59.0283
C,13.56,0,59.0283
C,13.4857,1.4174,59.0283
C,12.8963,4.1903,59.0283
C,12.3877,5.5153,59.0283
C,10.9703,7.9704,59.0283
C,10.077,9.0734,59.0283
C,7.9704,10.9703,59.0283
C,6.78,11.7433,59.0283
C,2.1213,13.3931,60.258
C,0.7097,13.5414,60.258
C,-2.1213,13.3931,60.258
C,-3.5096,13.098,60.258
C,-6.1561,12.082,60.258
C,-7.3853,11.3724,60.258
C,-9.5884,9.5884,60.258
C,-10.5381,8.5336,60.258
C,-12.082,6.1561,60.258
C,-12.6594,4.8595,60.258
C,-13.3931,2.1213,60.258
C,-13.5414,0.7097,60.258
C,-13.3931,-2.1213,60.258
C,-13.098,-3.5096,60.258
C,-12.082,-6.1561,60.258
C,-11.3724,-7.3853,60.258
C,-9.5884,-9.5884,60.258
C,-8.5336,-10.5381,60.258
C,-6.1561,-12.082,60.258
C,-4.8595,-12.6594,60.258
C,-2.1213,-13.3931,60.258
C,-0.7097,-13.5414,60.258
C,2.1213,-13.3931,60.258
C,3.5096,-13.098,60.258
C,6.1561,-12.082,60.258
C,7.3853,-11.3724,60.258
C,9.5884,-9.5884,60.258
C,10.5381,-8.5336,60.258
C,12.082,-6.1561,60.258
C,12.6594,-4.8595,60.258
C,13.3931,-2.1213,60.258
C,13.5414,-0.7097,60.258
C,13.3931,2.1213,60.258
C,13.098,3.5096,60.258
C,12.082,6.1561,60.258
C,11.3724,7.3853,60.258
C,9.5884,9.5884,60.258
C,8.5336,10.5381,60.258
C,6.1561,12.082,60.258
C,4.8595,12.6594,60.258
C,0,13.56,61.4878
C,-1.4174,13.4857,61.4878
C,-4.1903,12.8963,61.4878
C,-5.5153,12.3877,61.4878
C,-7.9704,10.9703,61.4878
C,-9.0734,10.077,61.4878
C,-10.9703,7.9704,61.4878
C,-11.7433,6.78,61.4878
C,-12.8963,4.1903,61.4878
C,-13.2637,2.8193,61.4878
C,-13.56,0,61.4878
C,-13.4857,-1.4174,61.4878
C,-12.8963,-4.1903,61.4878
C,-12.3877,-5.5153,61.4878
C,-10.9703,-7.9704,61.4878
C,-10.077,-9.0734,61.4878
C,-7.9704,-10.9703,61.4878
C,-6.78,-11.7433,61.4878
C,-4.1903,-12.8963,61.4878
C,-2.8193,-13.2637,61.4878
C,0,-13.56,61.4878
C,1.4174,-13.4857,61.4878
C,4.1903,-12.8963,61.4878
C,5.5153,-12.3877,61.4878
C,7.9704,-10.9703,61.4878
C,9.0734,-10.077,61.4878
C,10.9703,-7.9704,61.4878
C,11.7433,-6.78,61.4878
C,12.8963,-4.1903,61.4878
C,13.2637,-2.8193,61.4878
C,13.56,0,61.4878
C,13.4857,1.4174,61.4878
C,12.8963,4.1903,61.4878
C,12.3877,5.5153,61.4878
C,10.9703,7.9704,61.4878
C,10.077,9.0734,61.4878
C,7.9704,10.9703,61.4878
C,6.78,11.7433,61.4878
C,4.1903,12.8963,61.4878
C,2.8193,13.2637,61.4878
C,-2.1213,13.3931,62.7176
C,-3.5096,13.098,62.7176
C,-6.1561,12.082,62.7176
C,-7.3853,11.3724,62.7176
C,-9.5884,9.5884,62.7176
C,-10.5381,8.5336,62.7176
C,-12.082,6.1561,62.7176
C,-12.6594,4.8595,62.7176
C,-13.3931,2.1213,62.7176
C,-13.5414,0.7097,62.7176
C,-13.3931,-2.1213,62.7176
C,-13.098,-3.5096,62.7176
C,-12.082,-6.1561,62.7176
C,-11.3724,-7.3853,62.7176
C,-9.5884,-9.5884,62.7176
C,-8.5336,-10.5381,62.7176
C,-6.1561,-12.082,62.7176
C,-4.8595,-12.6594,62.7176
C,-2.1213,-13.3931,62.7176
C,-0.7097,-13.5414,62.7176
C,2.1213,-13.3931,62.7176
C,3.5096,-13.098,62.7176
C,6.1561,-12.082,62.7176
C,7.3853,-11.3724,62.7176
C,9.5884,-9.5884,62.7176
C,10.5381,-8.5336,62.7176
C,12.082,-6.1561,62.7176
C,12.6594,-4.8595,62.7176
C,13.3931,-2.1213,62.7176
C,13.5414,-0.7097,62.7176
C,13.3931,2.1213,62.7176
C,13.098,3.5096,62.7176
C,12.082,6.1561,62.7176
C,11.3724,7.3853,62.7176
C,9.5884,9.5884,62.7176
C,8.5336,10.5381,62.7176
C,6.1561,12.082,62.7176
C,4.8595,12.6594,62.7176
C,2.1213,13.3931,62.7176
C,0.7097,13.5414,62.7176
C,-4.1903,12.8963,63.9473
C,-5.5153,12.3877,63.9473
C,-7.9704,10.9703,63.9473
C,-9.0734,10.077,63.9473
C,-10.9703,7.9704,63.9473
C,-11.7433,6.78,63.9473
C,-12.8963,4.1903,63.9473
C,-13.2637,2.8193,63.9473
C,-13.56,0,63.9473
C,-13.4857,-1.4174,63.9473
C,-12.8963,-4.1903,63.9473
C,-12.3877,-5.5153,63.9473
C,-10.9703,-7.9704,63.9473
C,-10.077,-9.0734,63.9473
C,-7.9704,-10.9703,63.9473
C,-6.78,-11.7433,63.9473
C,-4.1903,-12.8963,63.9473
C,-2.8193,-13.2637,63.9473
C,0,-13.56,63.9473
C,1.4174,-13.4857,63.9473
C,4.1903,-12.8963,63.9473
C,5.5153,-12.3877,63.9473
C,7.9704,-10.9703,63.9473
C,9.0734,-10.077,63.9473
C,10.9703,-7.9704,63.9473
C,11.7433,-6.78,63.9473
C,12.8963,-4.1903,63.9473
C,13.2637,-2.8193,63.9473
C,13.56,0,63.9473
C,13.4857,1.4174,63.9473
C,12.8963,4.1903,63.9473
C,12.3877,5.5153,63.9473
C,10.9703,7.9704,63.9473
C,10.077,9.0734,63.9473
C,7.9704,10.9703,63.9473
C,6.78,11.7433,63.9473
C,4.1903,12.8963,63.9473
C,2.8193,13.2637,63.9473
C,0,13.56,63.9473
C,-1.4174,13.4857,63.9473
C,-6.1561,12.082,65.1771
C,-7.3853,11.3724,65.1771
C,-9.5884,9.5884,65.1771
C,-10.5381,8.5336,65.1771
C,-12.082,6.1561,65.1771
C,-12.6594,4.8595,65.1771
C,-13.3931,2.1213,65.1771
C,-13.5414,0.7097,65.1771
C,-13.3931,-2.1213,65.1771
C,-13.098,-3.5096,65.1771
C,-12.082,-6.1561,65.1771
C,-11.3724,-7.3853,65.1771
C,-9.5884,-9.5884,65.1771
C,-8.5336,-10.5381,65.1771
C,-6.1561,-12.082,65.1771
C,-4.8595,-12.6594,65.1771
C,-2.1213,-13.3931,65.1771
C,-0.7097,-13.5414,65.1771
C,2.1213,-13.3931,65.1771
C,3.5096,-13.098,65.1771
C,6.1561,-12.082,65.1771
C,7.3853,-11.3724,65.1771
C,9.5884,-9.5884,65.1771
C,10.5381,-8.5336,65.1771
C,12.082,-6.1561,65.1771
C,12.6594,-4.8595,65.1771
C,13.3931,-2.1213,65.1771
C,13.5414,-0.7097,65.1771
C,13.3931,2.1213,65.1771
C,13.098,3.5096,65.1771
C,12.082,6.1561,65.1771
C,11.3724,7.3853,65.1771
C,9.5884,9.5884,65.1771
C,8.5336,10.5381,65.1771
C,6.1561,12.082,65.1771
C,4.8595,12.6594,65.1771
C,2.1213,13.3931,65.1771
C,0.7097,13.5414,65.1771
C,-2.1213,13.3931,65.1771
C,-3.5096,13.098,65.1771
C,-7.9704,10.9703,66.4068
C,-9.0734,10.077,66.4068
C,-10.9703,7.9704,66.4068
C,-11.7433,6.78,66.4068
C,-12.8963,4.1903,66.4068
C,-13.2637,2.8193,66.4068
C,-13.56,0,66.4068
C,-13.4857,-1.4174,66.4068
C,-12.8963,-4.1903,66.4068
C,-12.3877,-5.5153,66.4068
C,-10.9703,-7.9704,66.4068
C,-10.077,-9.0734,66.4068
C,-7.9704,-10.9703,66.4068
C,-6.78,-11.7433,66.4068
C,-4.1903,-12.8963,66.4068
C,-2.8193,-13.2637,66.4068
C,0,-13.56,66.4068
C,1.4174,-13.4857,66.4068
C,4.1903,-12.8963,66.4068
C,5.5153,-12.3877,66.4068
C,7.9704,-10.9703,66.4068
C,9.0734,-10.077,66.4068
C,10.9703,-7.9704,66.4068
C,11.7433,-6.78,66.4068
C,12.8963,-4.1903,66.4068
C,13.2637,-2.8193,66.4068
C,13.56,0,66.4068
C,13.4857,1.4174,66.4068
C,12.8963,4.1903,66.4068
C,12.3877,5.5153,66.4068
C,10.9703,7.9704,66.4068
C,10.077,9.0734,66.4068
C,7.9704,10.9703,66.4068
C,6.78,11.7433,66.4068
C,4.1903,12.8963,66.4068
C,2.8193,13.2637,66.4068
C,0,13.56,66.4068
C,-1.4174,13.4857,66.4068
C,-4.1903,12.8963,66.4068
C,-5.5153,12.3877,66.4068
C,-9.5884,9.5884,67.6366
C,-10.5381,8.5336,67.6366
C,-12.082,6.1561,67.6366
C,-12.6594,4.8595,67.6366
C,-13.3931,2.1213,67.6366
C,-13.5414,0.7097,67.6366
C,-13.3931,-2.1213,67.6366
C,-13.098,-3.5096,67.6366
C,-12.082,-6.1561,67.6366
C,-11.3724,-7.3853,67.6366
C,-9.5884,-9.5884,67.6366
C,-8.5336,-10.5381,67.6366
C,-6.1561,-12.082,67.6366
C,-4.8595,-12.6594,67.6366
C,-2.1213,-13.3931,67.6366
C,-0.7097,-13.5414,67.6366
C,2.1213,-13.3931,67.6366
C,3.5096,-13.098,67.6366
C,6.1561,-12.082,67.6366
C,7.3853,-11.3724,67.6366
C,9.5884,-9.5884,67.6366
C,10.5381,-8.5336,67.6366
C,12.082,-6.1561,67.6366
C,12.6594,-4.8595,67.6366
C,13.3931,-2.1213,67.6366
C,13.5414,-0.7097,67.6366
C,13.3931,2.1213,67.6366
C,13.098,3.5096,67.6366
C,12.082,6.1561,67.6366
C,11.3724,7.3853,67.6366
C,9.5884,9.5884,67.6366
C,8.5336,10.5381,67.6366
C,6.1561,12.082,67.6366
C,4.8595,12.6594,67.6366
C,2.1213,13.3931,67.6366
C,0.7097,13.5414,67.6366
C,-2.1213,13.3931,67.6366
C,-3.5096,13.098,67.6366
C,-6.1561,12.082,67.6366
C,-7.3853,11.3724,67.6366
C,-10.9703,7.9704,68.8663
C,-11.7433,6.78,68.8663
C,-12.8963,4.1903,68.8663
C,-13.2637,2.8193,68.8663
C,-13.56,0,68.8663
C,-13.4857,-1.4174,68.8663
C,-12.8963,-4.1903,68.8663
C,-12.3877,-5.5153,68.8663
C,-10.9703,-7.9704,68.8663
C,-10.077,-9.0734,68.8663
C,-7.9704,-10.9703,68.8663
C,-6.78,-11.7433,68.8663
C,-4.1903,-12.8963,68.8663
C,-2.8193,-13.2637,68.8663
C,0,-13.56,68.8663
C,1.4174,-13.4857,68.8663
C,4.1903,-12.8963,68.8663
C,5.5153,-12.3877,68.8663
C,7.9704,-10.9703,68.8663
C,9.0734,-10.077,68.8663
C,10.9703,-7.9704,68.8663
C,11.7433,-6.78,68.8663
C,12.8963,-4.1903,68.8663
C,13.2637,-2.8193,68.8663
C,13.56,0,68.8663
C,13.4857,1.4174,68.8663
C,12.8963,4.1903,68.8663
C,12.3877,5.5153,68.8663
C,10.9703,7.9704,68.8663
C,10.077,9.0734,68.8663
C,7.9704,10.9703,68.8663
C,6.78,11.7433,68.8663
C,4.1903,12.8963,68.8663
C,2.8193,13.2637,68.8663
C,0,13.56,68.8663
C,-1.4174,13.4857,68.8663
C,-4.1903,12.8963,68.8663
C,-5.5153,12.3877,68.8663
C,-7.9704,10.9703,68.8663
C,-9.0734,10.077,68.8663
C,-12.082,6.1561,70.0961
C,-12.6594,4.8595,70.0961
C,-13.3931,2.1213,70.0961
C,-13.5414,0.7097,70.0961
C,-13.3931,-2.1213,70.0961
C,-13.098,-3.5096,70.0961
C,-12.082,-6.1561,70.0961
C,-11.3724,-7.3853,70.0961
C,-9.5884,-9.5884,70.0961
C,-8.5336,-10.5381,70.0961
C,-6.1561,-12.082,70.0961
C,-4.8595,-12.6594,70.0961
C,-2.1213,-13.3931,70.0961
C,-0.7097,-13.5414,70.0961
C,2.1213,-13.3931,70.0961
C,3.5096,-13.098,70.0961
C,6.1561,-12.082,70.0961
C,7.3853,-11.3724,70.0961
C,9.5884,-9.5884,70.0961
C,10.5381,-8.5336,70.0961
C,12.082,-6.1561,70.0961
C,12.6594,-4.8595,70.0961
C,13.3931,-2.1213,70.0961
C,13.5414,-0.7097,70.0961
C,13.3931,2.1213,70.0961
C,13.098,3.5096,70.0961
C,12.082,6.1561,70.0961
C,11.3724,7.3853,70.0961
C,9.5884,9.5884,70.0961
C,8.5336,10.5381,70.0961
C,6.1561,12.082,70.0961
C,4.8595,12.6594,70.0961
C,2.1213,13.3931,70.0961
C,0.7097,13.5414,70.0961
C,-2.1213,13.3931,70.0961
C,-3.5096,13.098,70.0961
C,-6.1561,12.082,70.0961
C,-7.3853,11.3724,70.0961
C,-9.5884,9.5884,70.0961
C,-10.5381,8.5336,70.0961
C,-12.8963,4.1903,71.3259
C,-13.2637,2.8193,71.3259
C,-13.56,0,71.3259
C,-13.4857,-1.4174,71.3259
C,-12.8963,-4.1903,71.3259
C,-12.3877,-5.5153,71.3259
C,-10.9703,-7.9704,71.3259
C,-10.077,-9.0734,71.3259
C,-7.9704,-10.9703,71.3259
C,-6.78,-11.7433,71.3259
C,-4.1903,-12.8963,71.3259
C,-2.8193,-13.2637,71.3259
C,0,-13.56,71.3259
C,1.4174,-13.4857,71.3259
C,4.1903,-12.8963,71.3259
C,5.5153,-12.3877,71.3259
C,7.9704,-10.9703,71.3259
C,9.0734,-10.077,71.3259
C,10.9703,-7.9704,71.3259
C,11.7433,-6.78,71.3259
C,12.8963,-4.1903,71.3259
C,13.2637,-2.8193,71.3259
C,13.56,0,71.3259
C,13.4857,1.4174,71.3259
C,12.8963,4.1903,71.3259
C,12.3877,5.5153,71.3259
C,10.9703,7.9704,71.3259
C,10.077,9.0734,71.3259
C,7.9704,10.9703,71.3259
C,6.78,11.7433,71.3259
C,4.1903,12.8963,71.3259
C,2.8193,13.2637,71.3259
C,0,13.56,71.3259
C,-1.4174,13.4857,71.3259
C,-4.1903,12.8963,71.3259
C,-5.5153,12.3877,71.3259
C,-7.9704,10.9703,71.3259
C,-9.0734,10.077,71.3259
C,-10.9703,7.9704,71.3259
C,-11.7433,6.78,71.3259
C,-13.3931,2.1213,72.5556
C,-13.5414,0.7097,72.5556
C,-13.3931,-2.1213,72.5556
C,-13.098,-3.5096,72.5556
C,-12.082,-6.1561,72.5556
C,-11.3724,-7.3853,72.5556
C,-9.5884,-9.5884,72.5556
C,-8.5336,-10.5381,72.5556
C,-6.1561,-12.082,72.5556
C,-4.8595,-12.6594,72.5556
C,-2.1213,-13.3931,72.5556
C,-0.7097,-13.5414,72.5556
C,2.1213,-13.3931,72.5556
C,3.5096,-13.098,72.5556
C,6.1561,-12.082,72.5556
C,7.3853,-11.3724,72.5556
C,9.5884,-9.5884,72.5556
C,10.5381,-8.5336,72.5556
C,12.082,-6.1561,72.5556
C,12.6594,-4.8595,72.5556
C,13.3931,-2.1213,72.5556
C,13.5414,-0.7097,72.5556
C,13.3931,2.1213,72.5556
C,13.098,3.5096,72.5556
C,12.082,6.1561,72.5556
C,11.3724,7.3853,72.5556
C,9.5884,9.5884,72.5556
C,8.5336,10.5381,72.5556
C,6.1561,12.082,72.5556
C,4.8595,12.6594,72.5556
C,2.1213,13.3931,72.5556
C,0.7097,13.5414,72.5556
C,-2.1213,13.3931,72.5556
C,-3.5096,13.098,72.5556
C,-6.1561,12.082,72.5556
C,-7.3853,11.3724,72.5556
C,-9.5884,9.5884,72.5556
C,-10.5381,8.5336,72.5556
C,-12.082,6.1561,72.5556
C,-12.6594,4.8595,72.5556
